name,highschool,university,codeforces,linkedin,note
بهامین شفقی,علامه حلی 1,مهندسی کامپیوتر شریف,Bahamin,,مرحله 2 ردی خنگ
حمید شفیع زاده,علامه حلی 1,,_R00T,,
محمدسام انصاری پور,علامه حلی 1,,mohammadsam,,
امیرحسین کریمی,علامه حلی 1,,AlefHeKaaf karimiah86 Conqueror_of_Hosseinzade QuagmirePeter Max_Mayfield False_Alarm,,
علی باریک بین,علامه حلی 1,,,,
امیرعلی حسین زاده داورزنی,علامه حلی 1,,theSkeleton,,
اردشیر رازانی,علامه حلی 1,,Ardelion,,
محمدپارسا قاسم آبادی,علامه حلی 1,,MPG ParsaGabadi,,
امیرعلی پناهی,علامه حلی 1,,amir_AP,,
کیارش رضایی,علامه حلی 1,,KiaRez charon2077 sweetweasel zi.zh,,
مانی زارع,علامه حلی 1,,manizare eren__,,
حامد غفاری اقدس,علامه حلی 1,,Hamed_Ghaffari,,
آرش یوسف نژاد,علامه حلی 1,,arash.,,
رادین رحمانی نودهی,علامه حلی 1,,RadRah,,
علی شایان,علامه حلی 1,,AliiSh,,
ایلیا اصلاحی سراجایی,علامه حلی 1,,IliyaEslahi,,
شایان رضوی,علامه حلی 1,,Shayan86,,
علی نظری قهرودی,علامه حلی 1,,NimaAryan,,
امیرحسین خوانین زاده,علامه حلی 1,,Arshi,,
حمید حیدریان,علامه حلی 1,,hamidh100,,
پارسا فلاح پور,علامه حلی 1,,ParsaF,,
هادی مطلبی,علامه حلی 1,,h4d1,,
امیرعلی کاموس,علامه حلی 1,,Molimoli,,
امیررضا درستی,علامه حلی 1,,Dorost,,
امیرعلی عسگری,علامه حلی 1,,AmirAli-Asgari AA-2007,,
محمدصدرا کوهستانی,علامه حلی 1,,mosaev,,
پارسا صادقی,علامه حلی 1,,ParsaS,,
کوروش کاوه,علامه حلی 1,,Kahou,,
مهراد نیری,علامه حلی 1,,,,
ایلیا رهبر,علامه حلی 1,,ili,,
ایلیا منظم,علامه حلی 1,,iliya_mon nolimiya,,
فربد دوست محمدیان,علامه حلی 1,,,,
شهراد کیانی,علامه حلی 1,,,,
محمدپارسا انبارداران,علامه حلی 1,,Mohammad-Parsa,,
سیدشایان شیرازی مفرد,علامه حلی 1,University of Waterloo,Shoo,,
ایلیا آقازاده,علامه حلی 1,,Iliya-Aghazadeh,,
رایان حدیدی,علامه حلی 1,,Arnch,,
رادین جریره,علامه حلی 1,,radal,,
رادین زاهدی گلپایگانی,علامه حلی 1,,Radin_Zahedi,,
بهراد همتی آقاباقری,,,AA_Surely,,
سیدعلی الهی,علامه حلی 1,,,,
پارسا اسلامی باباحیدری,علامه حلی 1,,,,
پویا شمس کلاهی,علامه حلی 1,,pooya-shams,,
سیدایلیا میراسکندری,علامه حلی 1,,,,
پارسا اسماعیلی,علامه حلی 1,,,,
مانی کرمانی,علامه حلی 1,,,,
پارسا نوروزی منش,علامه حلی 1,,,,
سیدامیرمحمد شاهرضائی,علامه حلی 1,,AmShZ aShMaZ,,
آریا همتی,علامه حلی 1,,Clix AriaH,,
علیرضا صمیمی,علامه حلی 1,,Davoth,,
سهیل محمدخانی,علامه حلی 1,,sohsoh,,
نیما نادری قطب الدینی,علامه حلی 1,Politecnico Di Torino,N.N_2004,,
سینا صحابی,علامه حلی 1,,,,
سروش صحرائی,علامه حلی 1,,Tet,,
مهدی شکوفی مقیمان,علامه حلی 1,,,,
مهدی بهرامیان دهکردی,علامه حلی 1,,-this-is-obd-,,
رهام ایزدی دوست,علامه حلی 1,,Roham,,
پارسا بهرامی نژاد,علامه حلی 1,University of Waterloo,Dio,,
محمدحسین نجفی,علامه حلی 1,,,,
امیرمحمد بندری ماسوله,علامه حلی 1,,,,
علیرضا دانش آرا,علامه حلی 1,,,,
یاشار پیمائی,علامه حلی 1,,,,
علی شاه علی,علامه حلی 1,,AliShahali1382 shahaliali1382,,
علیرضا کشاورز هدایتی,علامه حلی 1,,Keshi,,
کوشا موسوی,علامه حلی 3 و انرژی اتمی,,Koosha_Mv soltanmv,,
مهرداد سهرابی,علامه حلی 1,University of Waterloo,Mehrdad_Sohrabi afterall,,
آرین علوی رضوی راوری,انرژی اتمی,,aarr,,
پارسا علیزاده,علامه حلی 1,,AaParsa,,
علیرضا کاویانی,علامه حلی 1,,alireza_kaviani,,
محمد حسینی,,,Mohammad.H915,,
علیرضا مصلی نژاد,علامه حلی 1,,,,
محمدحسین پایدار,,,DeadlyCritic,,
علی صادقی,علامه حلی 1,,,,
رومینا سحری مقدم,,,romi_sahari,,
ارشیا عطائی نائینی,علامه حلی 1,,Atalasion,,
محمدعرفان سلیمی,,,Erfan,,
شایان پردیس,شهید دستغیب شیراز,MIT,Shayan.P,,
ابوالفضل سلطانی,,,Atreus,,
علی پاشا منتصری,علامه حلی 1,,Kalam,,
ارشیا دادرس,,,ArshiaDadras,,
مهدی حاجی بیگی,,,Mahdi_Hajibeygi,,
علی صفری,علامه حلی 1,,Amoo_Safar,,
پارسا زارع زاده,علامه حلی 1,,patak,,
سیدمحمدحسین یزدانی فر,,,mohammadrobot,,
امیرمحمد افتخاراردبیلی,علامه حلی 1,,,,
اشکان زرخواه,علامه حلی 1,,,,
امیرپارسا مؤبد,علامه حلی 1,,,,
سروش شهبازی,علامه حلی 1,,,,
محمدامین علیزاده,علامه حلی 1,,,,
شایان کاشفی شایسته,علامه حلی 1,,,,
سیدمحمدامین هاشمی یزدی,,,_Seyed37_,,
ارشیا سلطانی مؤخر,علامه حلی 1,,.ckodser.,,
کسری مظاهری,علامه حلی 1,,KMAASZRAA,,
امید آزادی,علامه حلی 1,,,,
سید مهرشاد میرمحمدی,,,MAMBA,,
مهدی جعفری راویز,علامه حلی 1,,Mahdi_Jfri AghaTizi Noche_1 Noche_2 Noche_3 Noche_4 Noche_5 Noche_6,,
حمیدرضا کلباسی,علامه حلی 3,,dorostmishe,,
امیرمحمد ایمانی,,,ImaniAm,,
مهرداد صابری کمرپشتی,علامه حلی 1,,,,
سید محمد سیدجوادی,علامه حلی 1,,,,
کیوان رضایی,علامه حلی 1,,,,
شایان چشم جهان,,,Shayan Algorithms_with_Shayan,,
محمد صانعیان,علامه حلی 1,,,,
علی شفیعی,علامه حلی 1,,,,
ایمان غلامی,علامه حلی 1,,,,
سید محمد حسن موسوی,علامه حلی 1,,M_H_M,,
صدرا دشتی,سلام,,SaDDaS,,بنیان‌گذار گرینولی
محمد مهدی شکری,,,M.Mahdi,,بنیان‌گذار کوئرا
آرش محمودیان بیدگلی,,,Reyna,,
امین بهجتی,علامه حلی 1,,,,
علی اسدی,علامه حلی 1,,,,
علی حقانی,علامه حلی 1,,Haghani,,
امیرکیوان محتشمی,,,matrix,,
علی بهجتی,علامه حلی 1,,LiTi,,
پیمان جبارزاده گنجه,,,JeBeK,,
حامد ولی زاده طوسی,,,havaliza,,
